Djalil Palermo;47
Cheba Warda;49
Amine La Colombe;44
Mouh Milano;46
Cheb Bello;48
Cheb Hasni;50
Cheb Lotfi;40
Khaled;58
Cheb Djalil;39
Foufa Torino;38
Bousmaha Mohamed;39
Fouzi Torino;37
Kader Japonais;42
DJ Moulay;41
Cheb Bilal;47
Mok Saib;43
Mohamed Benchenet;35
Cheb Mami;52
Abdou Gambetta;33
Hichem Smati;38
Cheb Hamidou;34
Didou Parisien;37
Cheb Mustapha;31
Cheb Momo;35
Ouled El Bahdja;38
Cheb Houssem;38
Fethi Manar;32
Cheb Wahid;35
Bilel Tacchini;38
Mohamed Marsaoui;30
Kader Tirigou;32
Cheb Akil;41
Cheb Ramzi 31;30
Cheb Mehdi;33
Kader Zakzouk;33
Dahmane El Harrachi;34
Cheb Faycal;33
Abdou Sghir;30
Cheb Mourad;32
Cheb Azzedine;35
Cheb Adjel;38
Cheikh Mamidou;32
Faycel Sghir;36
Cheb Adoula;32
Cheb Rami;28
El Hachemi Guerouabi;30
Chemsou Freeklane;32
Yacine Tigre;31
Dj Souhil;33
Cheba Manel;31
